name_fr,name_en
Bouches d’égout,Manholes
"Grilles, avaloirs",Drainage grates and stormwater inlets
Arbres,Trees
Bacs à fleurs,Planters
Ornements,Decorative features
Abris bus,Bus shelters
Bancs,Benches
Horodateurs,Parking meters
Supports publicitaires,Advertising displays
Sanitaire,Public toilets
Supports vélos,Bicycle racks and shelters
Cendriers,Ashtrays
Corbeille,Litter bins
Points d’apport volontaire,Waste and recycling drop-off points
Barrières,Barriers
Bornes à incendie,Fire hydrants
Potelets,Bollards
Ralentisseurs,Speed bumps
Points d’éclairage,Lighting points
